{
  "title": "Untitled Project",
  "description": "",
  "head": "<meta charset=\"UTF-8\" />\n<meta name=\"viewport\" content=\"width=device-width, initial-scale=1.0\" />",
  "htmlAttrs": "lang=\"en\" class=\"\"",
  "tags": [],
  "autoupdate": true,
  "autosave": false,
  "autotest": false,
  "delay": 1500,
  "formatOnsave": false,
  "view": "split",
  "mode": "full",
  "theme": "dark",
  "layout": "responsive",
  "recoverUnsaved": true,
  "showSpacing": false,
  "welcome": true,
  "readonly": false,
  "allowLangChange": true,
  "activeEditor": "script",
  "markup": {
    "language": "html",
    "content": ""
  },
  "style": {
    "language": "css",
    "content": ".container,\n.container button {\n  text-align: center;\n  font: 1em sans-serif;\n}\n.logo {\n  width: 150px;\n}\n"
  },
  "script": {
    "language": "react",
    "content": "import React from 'react';\n\nfunction App() {\n  // Стили для контейнера (молочный фон)\n  const containerStyle = {\n    backgroundColor: '#F5F5DC', // Молочный цвет\n    width: '100vw',\n    height: '100vh',\n    margin: 0,\n    padding: 0,\n    position: 'relative',\n    overflow: 'hidden',\n  };\n\n  // Стили для стола\n  const tableStyle = {\n    position: 'absolute',\n    width: '500px',\n    height: '120px',\n    backgroundColor: '#8B4513', // Коричневый стол\n    bottom: '20%',\n    left: '50%',\n    transform: 'translateX(-50%)',\n    borderRadius: '8px',\n  };\n\n  // Стили для человека (сидящего за столом)\n  const personStyle = {\n    position: 'absolute',\n    width: '60px',\n    height: '100px',\n    backgroundColor: '#333',\n    borderRadius: '10px',\n    bottom: '32%',\n    left: '50%',\n    transform: 'translateX(-50%)',\n    zIndex: 5,\n  };\n\n  // Голова человека\n  const headStyle = {\n    position: 'absolute',\n    width: '40px',\n    height: '40px',\n    backgroundColor: '#FFCC99',\n    borderRadius: '50%',\n    top: '-30px',\n    left: '10px',\n  };\n\n  // Руки человека\n  const armLeftStyle = {\n    position: 'absolute',\n    width: '10px',\n    height: '40px',\n    backgroundColor: '#333',\n    top: '20px',\n    left: '-5px',\n    transform: 'rotate(15deg)',\n    borderRadius: '5px',\n  };\n\n  // Стили для стула\n  const chairStyle = {\n    position: 'absolute',\n    width: '80px',\n    height: '20px',\n    backgroundColor: '#8B4513',\n    bottom: '15%',\n    left: '46%',\n    transform: 'translateX(-50%)',\n    borderRadius: '5px',\n  };\n\n  // Стили для рамки с фотографией\n  const frameStyle = {\n    position: 'absolute',\n    width: '150px',\n    height: '100px',\n    border: '8px solid #5D4037', // Рамка\n    bottom: '25%',\n    left: '30%',\n    backgroundColor: '#FFD700', // Желтый свет внутри\n    borderRadius: '5px',\n    boxShadow: '0 0 15px rgba(255, 215, 0, 0.7)', // Эффект свечения\n    zIndex: 3,\n  };\n\n  // Стили для вазы\n  const vaseStyle = {\n    position: 'absolute',\n    width: '40px',\n    height: '60px',\n    backgroundColor: '#4CAF50', // Зеленая ваза\n    bottom: '25%',\n    right: '30%',\n    borderRadius: '40% 40% 20% 20%',\n    zIndex: 3,\n  };\n\n  // Стили для цветов\n  const flower1Style = {\n    position: 'absolute',\n    width: '20px',\n    height: '20px',\n    backgroundColor: '#FF69B4', // Розовый\n    borderRadius: '50%',\n    top: '-15px',\n    left: '10px',\n  };\n\n  const flower2Style = {\n    position: 'absolute',\n    width: '20px',\n    height: '20px',\n    backgroundColor: '#FF0000', // Красный\n    borderRadius: '50%',\n    top: '-20px',\n    left: '20px',\n  };\n\n  const flower3Style = {\n    position: 'absolute',\n    width: '20px',\n    height: '20px',\n    backgroundColor: '#0000FF', // Синий\n    borderRadius: '50%',\n    top: '-15px',\n    left: '30px',\n  };\n\n  // Стили для друзей (5 наблюдающих)\n  const friendBaseStyle = {\n    position: 'absolute',\n    width: '30px',\n    height: '60px',\n    backgroundColor: '#555',\n    borderRadius: '8px',\n    zIndex: 2,\n  };\n\n  const friendHeadBaseStyle = {\n    position: 'absolute',\n    width: '20px',\n    height: '20px',\n    backgroundColor: '#FFCC99',\n    borderRadius: '50%',\n    top: '-15px',\n  };\n\n  // Позиции для 5 друзей\n  const friends = [\n    { left: '20%', bottom: '25%' },\n    { left: '30%', bottom: '22%' },\n    { left: '40%', bottom: '20%' },\n    { left: '60%', bottom: '20%' },\n    { left: '70%', bottom: '22%' },\n  ];\n\n  // 6-й друг уходит с солнцем\n  const friend6Style = {\n    position: 'absolute',\n    width: '30px',\n    height: '60px',\n    backgroundColor: '#555',\n    borderRadius: '8px',\n    left: '80%',\n    bottom: '25%',\n    zIndex: 2,\n  };\n\n  const friend6HeadStyle = {\n    position: 'absolute',\n    width: '20px',\n    height: '20px',\n    backgroundColor: '#FFCC99',\n    borderRadius: '50%',\n    top: '-15px',\n    left: '5px',\n  };\n\n  // Солнце в руках 6-го друга\n  const sunStyle = {\n    position: 'absolute',\n    width: '30px',\n    height: '30px',\n    backgroundColor: '#FFFF00',\n    borderRadius: '50%',\n    left: '40px',\n    top: '10px',\n    boxShadow: '0 0 15px #FFFF00',\n  };\n\n  // Лучи солнца\n  const sunRayStyle = {\n    position: 'absolute',\n    width: '10px',\n    height: '2px',\n    backgroundColor: '#FFFF00',\n    left: '35px',\n    top: '25px',\n    transform: 'rotate(45deg)',\n  };\n\n  return (\n    <div style={containerStyle}>\n      {/* Стол */}\n      <div style={tableStyle}></div>\n      \n      {/* Стул */}\n      <div style={chairStyle}></div>\n      \n      {/* Человек */}\n      <div style={personStyle}>\n        <div style={headStyle}></div>\n        <div style={armLeftStyle}></div>\n      </div>\n      \n      {/* Рамка с фотографией */}\n      <div style={frameStyle}></div>\n      \n      {/* Ваза с цветами */}\n      <div style={vaseStyle}>\n        <div style={flower1Style}></div>\n        <div style={flower2Style}></div>\n        <div style={flower3Style}></div>\n      </div>\n\n      {/* 5 друзей наблюдают */}\n      {friends.map((pos, index) => (\n        <div key={index} style={{...friendBaseStyle, ...pos}}>\n          <div style={{...friendHeadBaseStyle, left: '5px'}}></div>\n        </div>\n      ))}\n\n      {/* 6-й друг уходит с солнцем */}\n      <div style={friend6Style}>\n        <div style={friend6HeadStyle}></div>\n        <div style={sunStyle}>\n          <div style={sunRayStyle}></div>\n          <div style={{...sunRayStyle, transform: 'rotate(90deg)'}}></div>\n          <div style={{...sunRayStyle, transform: 'rotate(135deg)'}}></div>\n          <div style={{...sunRayStyle, transform: 'rotate(180deg)'}}></div>\n          <div style={{...sunRayStyle, transform: 'rotate(225deg)'}}></div>\n          <div style={{...sunRayStyle, transform: 'rotate(270deg)'}}></div>\n          <div style={{...sunRayStyle, transform: 'rotate(315deg)'}}></div>\n          <div style={{...sunRayStyle, transform: 'rotate(0deg)'}}></div>\n        </div>\n      </div>\n    </div>\n  );\n}\n\nexport default App;"
  },
  "stylesheets": [],
  "scripts": [],
  "cssPreset": "",
  "imports": {},
  "types": {},
  "tests": {
    "language": "typescript",
    "content": ""
  },
  "tools": {
    "enabled": "all",
    "active": "console",
    "status": "closed"
  },
  "zoom": 1,
  "processors": [],
  "customSettings": {},
  "useTabs": false,
  "tabSize": 2,
  "lineNumbers": true,
  "wordWrap": false,
  "closeBrackets": true,
  "foldRegions": false,
  "semicolons": true,
  "singleQuote": false,
  "trailingComma": true,
  "emmet": true,
  "enableAI": false,
  "version": "46"
}